{
  "bpp": 1.1196358235677084,
  "compression_ratio": 21.44284514533149,
  "ms_ssim": 0.7898428869247437,
  "mse": 0.01875878898633851,
  "psnr": 17.389730521308053,
  "ssim": 0.6314159729745653
}