{
  "bpp": 1.1036410861545138,
  "compression_ratio": 21.749571702745225,
  "ms_ssim": 0.9022357352574666,
  "mse": 0.005891638992147313,
  "psnr": 22.56046945359972,
  "ssim": 0.7150824578603109
}