{
  "bpp": 0.7814483642578125,
  "compression_ratio": 30.712202072143555,
  "ms_ssim": 0.2967781126499176,
  "mse": 0.1428285390138626,
  "psnr": 8.451849937438965,
  "ssim": 0.3645043671131134
}